location,0,1,2,Highest Possibilities,latitude,longitude
1,0.545074074,0.367888889,0.087037037,0,-27.45846,153.022459
2,0.5,0.386666667,0.113333333,0,-37.823255,144.966553
3,0.55,0.35,0.1,0,-33.907256,151.034287
4,0.628571429,0.214285714,0.157142857,0,-38.002282,145.083949
6,0.8,0.1,0.1,0,-34.927794,138.623535
7,0.623856209,0.255882353,0.120261438,0,-32.036897,115.753697
8,0.74,0.24,0.02,0,-37.8383,144.965026
9,0.504480287,0.325089606,0.170430108,0,-38.17622,146.30111
10,0.85,0.1,0.05,0,-32.180444,116.070444
11,0.6,0.2,0.2,0,-33.830446,151.219612
12,0.529032258,0.347311828,0.123655914,0,-33.880951,151.244616
13,0.54516129,0.352688172,0.102150538,0,-37.799617,145.147859
14,0.45,0.375,0.175,0,-34.961787,138.558048
15,0.547619048,0.302380952,0.15,0,-37.707129,145.08791
16,0.426388889,0.373611111,0.2,0,-31.999005,115.752058
17,0.5325,0.285,0.1825,0,-34.968149,138.590936
18,0.6,0,0.4,0,-36.62623,145.966223
19,0.5,0.4,0.1,0,-32.160519,115.85626
20,0.65,0.21,0.14,0,-37.794551,145.083967
21,0.8,0.2,0,0,-34.481342,138.860709
22,0.1,0.8,0.1,1,-27.46758,153.027892
23,0.499365079,0.433968254,0.066666667,0,-34.002753,151.127879
24,0.6,0.2,0.2,0,-31.896468,115.912917
25,0.7,0.3,0,0,-31.944846,115.840662
26,0.686666667,0.313333333,0,0,-27.458544,153.032397
27,0.3,0.7,0,1,-33.812375,151.17351
28,0.9,0,0.1,0,-21.171338,149.152784
29,0.6,0,0.4,0,-37.939117,145.074242
30,0.4,0.466666667,0.133333333,1,-34.884826,150.603663
31,0.6,0,0.4,0,-27.711333,153.202924
32,0.4,0.544444444,0.055555556,1,-27.484811,153.028331
33,0.65,0.35,0,0,-33.930105,151.194113
34,0.433333333,0.45,0.116666667,1,-33.908072,151.181391
35,0.461547619,0.438452381,0.1,0,-37.80215,145.022632
36,0.9,0.1,0,0,-34.035945,151.107215
38,0.85,0.125,0.025,0,-37.835945,145.062068
39,0.24,0.7,0.06,1,-31.923255,115.859153
40,0.75,0.15,0.1,0,-37.993149,145.199728
41,0.5,0.4,0.1,0,-37.902986,145.215412
42,1,0,0,0,-33.836292,151.210964
43,0.8,0,0.2,0,-37.814651,144.938302
44,0.75,0.2,0.05,0,-33.754474,151.152096
45,0.85,0.1,0.05,0,-38.086255,145.169397
46,0.9,0.1,0,0,-27.633011,152.957213
47,0.5,0.4,0.1,0,-34.935187,138.627728
48,0.75,0.2,0.05,0,-33.748517,151.138314
49,0.466666667,0.516666667,0.016666667,1,-33.949593,151.096319
50,0.6,0.2,0.2,0,-37.761078,145.145726
51,0.5,0.325,0.175,0,-37.847779,144.994025
52,0.608333333,0.208333333,0.183333333,0,-33.72689,150.23471
53,0.15,0.8,0.05,1,-32.041294,115.754563
54,0.9,0.1,0,0,-37.875253,145.212357
55,0,1,0,1,-37.778656,144.974246
58,0.466666667,0.466666667,0.066666667,0,-33.967517,137.723049
59,0.9,0,0.1,0,-41.083119,145.913021
60,0.8,0,0.2,0,-27.686969,153.18141
61,0.55,0.25,0.2,0,-37.365593,144.528378
62,0.55,0.4,0.05,0,-33.889418,151.25594
63,0.8,0,0.2,0,-33.870583,151.229096
64,0.1,0.9,0,1,-33.895971,151.24978
66,0.4,0.6,0,1,-27.719056,153.194519
68,0.5,0.366666667,0.133333333,0,-31.910218,115.813864
69,0.3,0.6,0.1,1,-28.132867,153.346523
70,0.4,0.5,0.1,1,-35.940619,145.600526
71,0.9,0,0.1,0,-33.744729,150.948966
72,0.675,0.25,0.075,0,-37.804401,145.270647
73,0.35625,0.53125,0.1125,1,-36.785756,144.246435
74,0.266666667,0.651515152,0.081818182,1,-27.299586,152.96152
75,0.666666667,0.3,0.033333333,0,-28.010324,153.405014
76,0.7,0.166666667,0.133333333,0,-33.438193,151.376246
77,0.5,0.333333333,0.166666667,0,-34.950391,138.607459
78,0.302777778,0.630555556,0.066666667,1,-32.967511,151.696296
79,0.533333333,0.358333333,0.108333333,0,-31.943618,115.834629
80,0.9,0,0.1,0,-38.050653,145.366364
81,0.1,0.8,0.1,1,-31.991233,115.814449
82,0.2,0.1,0.7,2,-37.832045,145.031436
83,0.75,0.25,0,0,-33.723495,151.018614
84,0.5,0.466666667,0.033333333,0,-42.959401,147.331698
85,0.3,0.666666667,0.033333333,1,-27.556843,153.273842
86,0.55,0.375,0.075,0,-31.921654,115.884517
87,0.525,0.4,0.075,0,-37.988763,145.126986
88,0.35,0.45,0.2,1,-33.825563,150.991113
89,0.921568627,0.066666667,0.011764706,0,-27.997388,153.365579
90,0.8,0.1,0.1,0,-31.988505,115.853916
91,0.886734694,0.070408163,0.042857143,0,-37.772015,144.918774
92,0.85,0.1,0.05,0,-37.99007,145.137614
93,0.683333333,0.316666667,0,0,-33.83065,151.027678
94,0.7,0,0.3,0,-33.979383,151.121402
95,0.833333333,0.080952381,0.085714286,0,-34.945725,138.624971
96,0.775,0.175,0.05,0,-34.902305,138.609157
97,0.6,0.29,0.11,0,-27.430297,153.039783
98,0.25,0.55,0.2,1,-36.388766,146.348724
99,0.5375,0.2625,0.2,0,-31.648451,116.018004
100,0.847727273,0.134090909,0.018181818,0,-35.317161,149.11617
101,0.525,0.325,0.15,0,-38.095604,145.489458
102,0.824615385,0.116923077,0.058461538,0,-37.961611,145.145871
103,0.525,0.325,0.15,0,-28.082999,153.376829
104,0.658333333,0.275,0.066666667,0,-16.962177,145.746855
105,0.8,0.1,0.1,0,-32.940098,151.76382
106,0.671428571,0.214285714,0.114285714,0,-38.37814,144.888977
107,0.591666667,0.291666667,0.116666667,0,-27.998358,152.988009
108,0.664285714,0.292857143,0.042857143,0,-37.796426,145.119415
109,0.525,0.325,0.15,0,-37.936507,145.183608
110,0.56875,0.25625,0.175,0,-31.981784,115.77332
111,0.25,0.55,0.2,1,-37.81121,145.227365
112,0.734375,0.228125,0.0375,0,-31.944417,115.877761
114,0.72,0.2,0.08,0,-37.804032,144.904814
115,1,0,0,0,-33.797199,151.014166
116,0.767647059,0.155882353,0.076470588,0,-38.037668,144.416365
117,0.95,0.05,0,0,-37.694395,145.007577
118,0.9140625,0.06328125,0.02265625,0,-31.904155,152.52497
119,0.65,0.216666667,0.133333333,0,-37.891841,145.144709
120,0.671428571,0.242857143,0.085714286,0,-38.360401,143.56519
121,0.1,0.3,0.6,2,-33.837704,151.23381
122,0.870512821,0.096153846,0.033333333,0,-31.965672,115.933469
123,0.8,0.125,0.075,0,-27.471611,152.998505
124,0.842941176,0.113529412,0.043529412,0,-32.568586,151.179791
125,0.65,0.175,0.175,0,-38.149029,145.116521
126,0.910455975,0.081053459,0.008490566,0,-28.115967,153.422706
127,0.716666667,0.25,0.033333333,0,-33.829721,151.088571
128,0.816216216,0.124324324,0.059459459,0,-28.001964,153.2988
129,0.75,0.216666667,0.033333333,0,-27.558925,153.083633
130,0.57,0.35,0.08,0,-33.86401,151.2014
131,0.728571429,0.157142857,0.114285714,0,-37.894122,145.020609
132,0.8,0.1,0.1,0,-33.664529,151.313379
133,0.831034483,0.14137931,0.027586207,0,-27.468968,153.023499
134,0.76,0.1,0.14,0,-38.385998,142.505954
135,0.924242424,0.066666667,0.009090909,0,-37.715784,144.835802
136,0.775,0.125,0.1,0,-37.911591,145.042561
137,0.913636364,0.077272727,0.009090909,0,-33.821891,151.205424
138,0.9,0.1,0,0,-33.778306,151.170327
139,0.747222222,0.202777778,0.05,0,-37.84009,145.004775
140,0.65,0.25,0.1,0,-37.739922,144.907221
141,0.788888889,0.2,0.011111111,0,-27.616633,153.138067
142,0.664285714,0.221428571,0.114285714,0,-35.556771,138.624776
143,0.8,0.2,0,0,-38.222126,146.521101
144,0.533333333,0.233333333,0.233333333,0,-33.792849,151.190296
145,0.878,0.086,0.036,0,-37.811472,144.972401
146,0.8,0,0.2,0,-37.826093,144.946697
147,0.87,0.055,0.075,0,-37.17093,143.70369
148,1,0,0,0,-37.854299,145.051126
149,0.88877551,0.080612245,0.030612245,0,-37.933789,145.041468
150,0.885714286,0.085714286,0.028571429,0,-38.001033,145.190653
151,0.666666667,0.266666667,0.066666667,0,-27.570055,153.036089
152,0.842857143,0.114285714,0.042857143,0,-27.534049,152.903326
153,0.725,0.275,0,0,-32.013229,115.861928
154,0.55,0.383333333,0.066666667,0,-33.902684,150.94511
155,0.901630435,0.091847826,0.006521739,0,-31.936425,115.804148
156,0.866666667,0.133333333,0,0,-37.838969,144.938442
157,0.804878049,0.175609756,0.019512195,0,-38.242039,143.162037
158,0.933333333,0.066666667,0,0,-28.862054,153.513502
159,0.777777778,0.205555556,0.016666667,0,-33.853542,151.177192
160,1,0,0,0,-33.722416,151.171405
161,0.825,0.1625,0.0125,0,-37.795295,144.995181
162,1,0,0,0,-33.890689,151.100999
163,0.76,0.16,0.08,0,-26.619975,152.956584
164,0.65,0.25,0.1,0,-19.296627,146.769393
165,0.95,0.025,0.025,0,-33.962553,151.091947
166,0.716666667,0.226190476,0.057142857,0,-30.29767,153.112611
167,0.813333333,0.146666667,0.04,0,-38.296679,144.983544
168,1,0,0,0,-31.928519,116.022298
169,0.891176471,0.108823529,0,0,-31.833594,115.80764
170,0.733333333,0.266666667,0,0,-37.797352,145.055115
171,0.785714286,0.185714286,0.028571429,0,-33.644808,151.042998
172,0.625,0.325,0.05,0,-37.821647,144.98934
173,0.67,0.19,0.14,0,-33.707804,151.099794
174,0.55,0.45,0,0,-33.847295,151.040366
175,0.75,0.225,0.025,0,-33.873533,151.237314
176,0.55,0.45,0,0,-37.750475,145.080563
177,0.808333333,0.141666667,0.05,0,-33.533837,151.304435
178,1,0,0,0,-34.888978,138.665394
179,0.80625,0.19375,0,0,-32.918885,151.733546
181,0.705555556,0.247222222,0.047222222,0,-37.81612,144.982421
182,0.7375,0.2625,0,0,-34.936958,138.570775
183,0.6875,0.2625,0.05,0,-31.86531,115.895838
184,0.775,0.125,0.1,0,-27.587469,153.098022
185,0.9,0.1,0,0,-32.108922,115.86252
186,0.791666667,0.191666667,0.016666667,0,-35.023873,117.883543
187,0.5,0.466666667,0.033333333,0,-34.429653,150.351823
189,0.6,0.333333333,0.066666667,0,-31.93656,115.880936
190,0.775,0.125,0.1,0,-33.01968,151.582544
191,0.529166667,0.3875,0.083333333,0,-37.940549,145.023272
192,0.7,0.2,0.1,0,-37.914227,145.167574
193,0.766666667,0.219047619,0.014285714,0,-26.743047,153.128746
194,0.2,0.7,0.1,1,-33.790845,151.270002
195,0.514285714,0.371428571,0.114285714,0,-34.945405,138.588208
197,0.73125,0.23125,0.0375,0,-37.83054,145.14531
198,0.3,0.65,0.05,1,-33.766478,150.683659
199,0.9,0,0.1,0,-33.850186,150.966754
200,0.833333333,0.166666667,0,0,-33.684886,151.303989
201,0.55,0.25,0.2,0,-33.857249,150.911168
202,0.633333333,0.233333333,0.133333333,0,-33.908793,151.242049
203,0.5,0.5,0,0,-32.753592,151.587412
204,0.5875,0.3375,0.075,0,-34.471191,150.834488
205,0.9,0,0.1,0,-34.068723,151.009802
206,0.75625,0.2375,0.00625,0,-16.970313,145.734206
207,0.75,0.25,0,0,-33.744671,150.610659
208,0.776666667,0.203333333,0.02,0,-37.801649,144.9974
209,0.7,0.2,0.1,0,-37.891446,145.045423
210,0.8875,0.1,0.0125,0,-37.951368,145.01302
211,0.8,0.2,0,0,-37.601271,143.868424
212,0.55,0.25,0.2,0,-31.1055,150.950213
213,0.51,0.41,0.08,0,-33.890489,151.079907
215,0.54,0.42,0.04,0,-37.840702,145.032101
216,0.25,0.65,0.1,1,-33.858621,151.205727
217,0.535714286,0.407142857,0.057142857,0,-26.42232,153.04937
218,0.427777778,0.472222222,0.1,1,-37.833382,145.160456
219,0.2,0.7,0.1,1,-31.915985,115.974477
220,0.7,0.25,0.05,0,-16.92679,145.732275
221,0.383333333,0.616666667,0,1,-37.652628,145.085955
222,0.47,0.48,0.05,1,-37.885142,145.099177
223,0.691666667,0.308333333,0,0,-35.275738,149.129793
224,0.7,0.3,0,0,-37.809162,144.986982
226,0.55,0.45,0,0,-33.791271,151.025309
227,0.283333333,0.516666667,0.2,1,-32.519733,115.730906
228,0.623809524,0.319047619,0.057142857,0,-33.886735,151.217946
229,0.727272727,0.254545455,0.018181818,0,-28.659639,153.61755
230,0.766666667,0.2,0.033333333,0,-26.667097,153.078001
231,0.5,0.4,0.1,0,-34.946254,138.625052
232,0.84,0.14,0.02,0,-32.12134,115.84877
233,0.3,0.7,0,1,-37.911191,145.099132
234,0.671428571,0.314285714,0.014285714,0,-33.425067,151.366191
235,0.2,0.6,0.2,1,-37.842272,145.171381
236,0.49375,0.43125,0.075,0,-31.448373,152.878969
237,0.4,0.6,0,1,-41.438964,147.137458
238,0.633333333,0.322222222,0.044444444,0,-34.975915,138.526217
239,0.775,0.225,0,0,-31.969162,115.764822
240,0.823655914,0.17311828,0.003225806,0,-27.502038,152.99079
242,0.856521739,0.142028986,0.001449275,0,-37.665516,145.072088
243,0.88,0.12,0,0,-33.739522,151.06714
244,0.8725,0.12375,0.00375,0,-33.795112,151.141566
245,0.933333333,0.066666667,0,0,-31.956317,115.813998
246,0.8375,0.15,0.0125,0,-31.922035,115.826039
248,0.7,0.3,0,0,-33.87981,151.238159
249,0.713636364,0.277272727,0.009090909,0,-24.88159,152.33613
251,0.8875,0.1125,0,0,-32.923477,151.75326
252,0.7,0.3,0,0,-34.943239,138.624764
253,0.75,0.233333333,0.016666667,0,-27.489004,153.004417
255,0.838461538,0.157692308,0.003846154,0,-36.381346,145.420225
256,0.9,0.1,0,0,-33.7619,151.266341
257,0.9125,0.075,0.0125,0,-32.923193,151.723574
258,0.5625,0.4125,0.025,0,-27.476647,153.137372
260,1,0,0,0,-35.375303,149.101766
261,1,0,0,0,-19.241922,146.798487
262,1,0,0,0,-37.882458,145.090242
263,0.716666667,0.25,0.033333333,0,-34.046979,151.124468
264,0.675,0.25,0.075,0,-37.840994,144.978837
265,0.866666667,0.133333333,0,0,-35.174734,149.062781
266,0.857142857,0.135714286,0.007142857,0,-31.978011,141.455658
268,0.763333333,0.236666667,0,0,-33.814154,151.212701
269,0.95,0.05,0,0,-37.751064,144.908925
270,0.857723577,0.142276423,0,0,-35.300229,149.132935
271,0.6,0.4,0,0,-33.829497,151.009608
272,0.90625,0.09375,0,0,-35.81307,144.219166
273,0.4,0.5,0.1,1,-32.739624,151.555494
274,0.758333333,0.229166667,0.0125,0,-27.627674,152.764443
275,1,0,0,0,-33.762897,151.078203
276,0.8,0.2,0,0,-33.82362,151.004516
278,0.68125,0.31875,0,0,-33.86451,151.093603
279,0.9,0.1,0,0,-23.875571,151.238037
280,0.56875,0.41875,0.0125,0,-32.948413,151.686045
281,0.7,0.3,0,0,-20.292619,148.681334
282,0.773333333,0.22,0.006666667,0,-32.925475,151.756224
283,0.833333333,0.166666667,0,0,-27.81654,153.29067
284,0.75,0.2375,0.0125,0,-34.551531,150.860291
286,0.733333333,0.25,0.016666667,0,-38.130839,147.072163
288,0.557142857,0.402380952,0.04047619,0,-33.826018,151.190973
289,0.9,0.1,0,0,-33.858893,151.270486
290,0.596666667,0.376666667,0.026666667,0,-38.627623,145.604151
292,0.752941176,0.247058824,0,0,-33.84705,151.07254
294,0.656666667,0.343333333,0,0,-35.502607,138.784477
295,0.65,0.35,0,0,-32.037501,115.856267
296,0.741666667,0.25,0.008333333,0,-27.493441,152.96765
297,0.6,0.4,0,0,-37.845298,145.04718
298,0.705263158,0.289473684,0.005263158,0,-32.018868,115.836677
299,0.65,0.35,0,0,-31.972322,115.950555
300,0.835714286,0.164285714,0,0,-35.308632,149.129659
301,0.9,0.1,0,0,-37.868214,144.97511
302,0.75,0.25,0,0,-31.934073,115.836696
303,0.72,0.26,0.02,0,-27.64047,152.847481
305,0.9,0.1,0,0,-28.101529,153.410788
306,1,0,0,0,-33.895757,151.051405
307,0.65,0.3,0.05,0,-33.842251,151.228563
308,0.8,0.2,0,0,-38.218352,144.272109
309,0.6625,0.325,0.0125,0,-33.861359,151.068007
310,0.9,0.1,0,0,-41.440963,147.16389
311,0.746428571,0.253571429,0,0,-23.529347,148.108512
312,0.8,0.2,0,0,-27.46532,153.104539
313,0.76,0.24,0,0,-33.771731,150.981958
314,0.572222222,0.422222222,0.005555556,0,-27.445349,153.045469
315,0.8,0.2,0,0,-34.908899,138.628408
316,0.71,0.29,0,0,-33.91341,150.92
317,0.6,0.366666667,0.033333333,0,-23.37825,150.513444
318,0.7625,0.23125,0.00625,0,-31.064252,152.847158
320,0.766666667,0.233333333,0,0,-33.807082,151.083766
321,0.55,0.45,0,0,-32.935521,151.765114
322,0.6875,0.3,0.0125,0,-28.813836,153.312705
323,0.4,0.6,0,1,-36.018674,145.996713
324,0.692857143,0.3,0.007142857,0,-37.836138,145.099784
325,0.716666667,0.283333333,0,0,-24.885883,152.32249
326,0.714285714,0.285714286,0,0,-36.237933,149.117559
327,1,0,0,0,-37.879722,145.020885
328,0.95,0.05,0,0,-34.06609,150.693664
330,0.683333333,0.3,0.016666667,0,-16.9197,145.76274
332,0.8875,0.1125,0,0,-26.416192,153.032112
334,0.9,0.05,0.05,0,-33.636325,151.330596
335,1,0,0,0,-37.850412,145.095648
336,1,0,0,0,-37.819914,145.31055
337,0.8,0.2,0,0,-27.979982,153.410714
338,0.9,0.1,0,0,-33.682288,151.274552
340,0.875,0.125,0,0,-33.848246,151.204336
341,1,0,0,0,-28.24137,152.041496
342,0.881818182,0.118181818,0,0,-37.632886,144.499456
343,1,0,0,0,-33.436294,149.527519
344,0.734375,0.248958333,0.016666667,0,-34.298183,148.335132
345,0.85,0.1,0.05,0,-33.255871,149.095082
347,0.9,0.1,0,0,-37.860073,145.058318
348,0.857142857,0.142857143,0,0,-33.878997,151.262154
349,1,0,0,0,-31.457943,152.729791
350,0.76,0.22,0.02,0,-33.79826,151.139214
351,0.9,0.1,0,0,-33.571995,151.014325
352,0.46,0.406666667,0.133333333,0,-33.862471,151.203653
353,0.808333333,0.191666667,0,0,-33.846819,151.212427
354,0.4,0.6,0,1,-37.864419,144.77165
356,0.85,0.125,0.025,0,-42.865384,147.279766
358,0.56,0.412,0.028,0,-34.037903,151.072112
359,0.9,0.1,0,0,-37.891709,145.143762
360,0.7,0.3,0,0,-27.599743,151.903772
361,0.2,0.8,0,1,-28.237192,153.56221
363,0.734375,0.234375,0.03125,0,-31.936402,115.850365
364,0.8,0.2,0,0,-34.033909,151.085873
365,0.705555556,0.283333333,0.011111111,0,-37.733402,144.88251
366,1,0,0,0,-31.966351,115.896499
367,0.64,0.34,0.02,0,-33.487958,150.134328
368,0.8,0.2,0,0,-27.451702,153.028908
369,0.82,0.18,0,0,-29.773644,151.111333
370,0.8,0.2,0,0,-28.120516,153.460966
371,0.788888889,0.211111111,0,0,-32.253944,148.60668
372,0.95,0.05,0,0,-37.919387,145.120791
373,0.9,0.095,0.005,0,-34.776064,149.716315
374,0.775,0.225,0,0,-30.524001,151.691629
375,0.906666667,0.093333333,0,0,-27.429131,153.032756
376,0.744444444,0.255555556,0,0,-28.04809,153.435662
377,0.9,0.1,0,0,-33.871945,151.217999
378,0.72173913,0.27826087,0,0,-26.784045,153.123261
379,0.7,0.3,0,0,-37.993396,145.040604
380,0.891056911,0.106504065,0.002439024,0,-37.833396,145.156664
381,0.6,0.4,0,0,-37.721959,145.003274
382,0.745454545,0.254545455,0,0,-27.568294,153.02418
383,0.4,0.6,0,1,-27.489236,152.993837
384,0.729166667,0.270833333,0,0,-37.809785,144.950832
385,0.7,0.3,0,0,-34.294869,146.071735
386,0.4,0.6,0,1,-35.0165,138.63748
387,0.5,0.4,0.1,0,-33.79513,151.279897
388,0.791666667,0.175,0.033333333,0,-37.974883,145.193639
390,0.901960784,0.080392157,0.017647059,0,-35.117765,147.360666
392,0.55,0.45,0,0,-33.813269,151.184589
393,0.8,0.2,0,0,-38.209469,144.510513
394,0.75,0.25,0,0,-38.16816,144.384966
395,0.5,0.5,0,0,-34.974952,138.555663
396,0.6,0.4,0,0,-38.052716,145.339771
397,0.8,0.2,0,0,-37.747401,144.953334
398,0.7,0.3,0,0,-31.971917,115.897072
400,0.571428571,0.428571429,0,0,-33.316001,115.694248
401,0.44,0.56,0,1,-12.461334,130.841904
402,0.76,0.24,0,0,-27.595421,153.121885
403,0.575,0.396428571,0.028571429,0,-33.776054,150.987795
404,0.783333333,0.216666667,0,0,-33.891932,151.19737
405,0.866666667,0.133333333,0,0,-28.649724,151.922509
406,0.8,0.2,0,0,-36.057388,146.834316
408,0.7,0.3,0,0,-12.37793,130.84833
409,0.788888889,0.211111111,0,0,-37.74792,145.346524
410,0.6,0.4,0,0,-31.963397,115.909535
411,0.72,0.28,0,0,-17.150854,145.712641
412,0.575,0.425,0,0,-32.971857,151.649608
413,0.9,0.1,0,0,-26.79746,153.112585
414,0.755555556,0.244444444,0,0,-31.89171,115.80756
415,0.8,0.2,0,0,-27.326647,152.966613
416,0.9,0.1,0,0,-31.884064,115.852341
417,0.85,0.15,0,0,-28.851646,153.450703
418,0.83,0.17,0,0,-35.339608,149.181828
419,0.825,0.175,0,0,-36.028196,146.369794
420,0.3,0.7,0,1,-35.830928,150.189091
421,0.75,0.2,0.05,0,-32.102628,115.788832
422,0.65,0.35,0,0,-37.805935,144.957156
425,0.65,0.35,0,0,-33.31092,151.420089
426,0.766666667,0.233333333,0,0,-34.896022,138.616353
427,0.564285714,0.421428571,0.014285714,0,-31.859866,115.809432
428,0.4,0.6,0,1,-33.090808,148.178139
429,0.4,0.6,0,1,-33.710235,151.12635
430,0.691666667,0.286111111,0.022222222,0,-36.362609,144.98131
431,0.53125,0.31875,0.15,0,-33.844751,151.204672
432,0.725,0.225,0.05,0,-16.933979,145.755875
433,0.65,0.2,0.15,0,-42.89081,147.328881
434,0.45,0.55,0,1,-34.926282,138.653993
435,0.675,0.258333333,0.066666667,0,-33.867619,151.193912
436,0.275,0.725,0,1,-27.620391,153.034075
437,0.533333333,0.466666667,0,0,-37.867653,144.893792
438,0.225,0.75,0.025,1,-33.876957,151.221057
439,0.333333333,0.666666667,0,1,-33.882037,151.283185
440,0.2,0.8,0,1,-19.318717,146.724517
441,0.4,0.6,0,1,-37.73422,144.925481
442,0.485714286,0.514285714,0,1,-26.203549,152.679398
443,0.388888889,0.566666667,0.044444444,1,-33.685923,151.298312
444,0.5375,0.45,0.0125,0,-37.966692,145.110947
445,0.756666667,0.243333333,0,0,-37.812595,145.193339
446,0.652272727,0.347727273,0,0,-34.569263,150.836671
447,0.534375,0.465625,0,0,-33.890091,151.249545
448,0.661538462,0.338461538,0,0,-27.677619,153.167952
449,0.6,0.4,0,0,-27.47959,153.01895
450,0.64,0.36,0,0,-27.16699,151.24596
451,0.781818182,0.218181818,0,0,-29.705101,152.951115
452,0.35,0.65,0,1,-31.825328,115.821099
453,0.428571429,0.557142857,0.014285714,1,-37.833024,145.227315
454,0.6,0.3,0.1,0,-33.773601,151.183255
455,0.8,0.1875,0.0125,0,-37.816094,145.108374
456,0.4,0.6,0,1,-37.800808,144.974869
457,0.608333333,0.391666667,0,0,-34.023649,151.121063
458,0.3,0.7,0,1,-33.752492,151.235326
459,0.616666667,0.383333333,0,0,-26.407214,153.090293
460,0.740705128,0.243910256,0.015384615,0,-37.904642,145.045058
461,0.6,0.4,0,0,-30.763034,121.455412
462,0.442857143,0.514285714,0.042857143,1,-33.858781,151.208558
463,0.65,0.35,0,0,-26.77012,152.864588
464,0.9,0.1,0,0,-37.69048,144.86564
465,0.855952381,0.142460317,0.001587302,0,-34.617089,138.751745
466,0.793534483,0.206465517,0,0,-35.085844,138.844835
467,0.6796875,0.3203125,0,0,-35.147054,139.310779
468,0.814705882,0.169607843,0.015686275,0,-33.976411,151.09016
469,0.716129032,0.283870968,0,0,-33.75291,151.1753
470,0.584090909,0.411363636,0.004545455,0,-37.885023,145.00143
471,0.765909091,0.234090909,0,0,-32.5088,151.20731
472,0.6975,0.2975,0.005,0,-37.866372,145.092671
473,0.695833333,0.304166667,0,0,-36.163696,146.888208
474,0.712745098,0.281372549,0.005882353,0,-27.420523,153.053301
475,0.769078947,0.228289474,0.002631579,0,-31.823814,115.742134
476,0.793253968,0.206746032,0,0,-37.905568,145.142253
477,0.818627451,0.181372549,0,0,-34.913505,138.627395
478,0.858510638,0.130851064,0.010638298,0,-27.611544,153.056971
479,0.8625,0.1355,0.002,0,-36.588717,146.763488
480,0.966666667,0.023809524,0.00952381,0,-28.781336,114.594962
481,0.918421053,0.081578947,0,0,-34.014705,151.057879
482,1,0,0,0,-34.670653,150.843698
483,0.875,0.05,0.075,0,-17.932281,145.933248
484,0.743333333,0.243333333,0.013333333,0,-34.057441,151.009003
485,0.685365854,0.295121951,0.019512195,0,-38.510654,143.967328
486,0.9,0.1,0,0,-32.92311,151.758675
488,0.87962963,0.112962963,0.007407407,0,-33.800385,151.198639
489,0.884615385,0.115384615,0,0,-34.415511,150.89958
490,0.855555556,0.144444444,0,0,-33.910269,150.978821
491,0.883333333,0.116666667,0,0,-31.957089,115.775819
492,0.9,0.1,0,0,-27.74619,153.32316
493,0.9,0.1,0,0,-37.787132,144.214472
494,0.891666667,0.095833333,0.0125,0,-27.605326,153.069018
495,0.930769231,0.061538462,0.007692308,0,-35.123102,147.398875
496,0.923333333,0.076666667,0,0,-34.924589,138.618649
497,0.935714286,0.064285714,0,0,-32.005019,115.842017
498,0.890909091,0.109090909,0,0,-20.2851,148.731164
499,0.952941176,0.047058824,0,0,-33.814384,151.138042
500,0.888888889,0.111111111,0,0,-37.705755,144.896227
501,0.882608696,0.104347826,0.013043478,0,-37.928354,144.996457
502,0.9,0.1,0,0,-31.782494,115.752019
503,0.85,0,0.15,0,-28.035995,153.412325
504,0.931578947,0.068421053,0,0,-37.652487,145.376285
505,0.930769231,0.069230769,0,0,-27.400787,153.1575
506,0.928571429,0.061904762,0.00952381,0,-34.909003,138.561595
507,0.957894737,0.042105263,0,0,-33.706902,151.202879
508,0.9,0.1,0,0,-37.824201,147.616472
509,0.917647059,0.082352941,0,0,-30.464655,149.262648
510,0.865625,0.109375,0.025,0,-34.051386,151.129731
513,1,0,0,0,-27.911762,153.388644
514,0.9,0.1,0,0,-37.87748,145.002585
515,0.8,0.2,0,0,-34.032459,151.085189
517,0.9,0.1,0,0,-27.502873,153.103403
518,0.880645161,0.119354839,0,0,-27.525347,152.983912
519,0.944444444,0.055555556,0,0,-27.458012,153.013004
520,0.922222222,0.055555556,0.022222222,0,-38.340189,143.795872
521,0.928571429,0.071428571,0,0,-27.426255,153.060752
522,0.963636364,0.036363636,0,0,-16.90857,145.765173
525,1,0,0,0,-37.828063,145.24366
526,0.944444444,0.055555556,0,0,-33.885882,151.233178
527,0.9,0.1,0,0,-38.110605,145.140563
528,1,0,0,0,-35.228539,149.123744
530,0.4,0.5,0.1,1,-37.853586,145.002354
532,0.657142857,0.285714286,0.057142857,0,-33.900149,151.030757
533,0.675,0.3125,0.0125,0,-33.947279,151.13894
534,0.666666667,0.296296296,0.037037037,0,-34.741987,150.761619
535,0.7125,0.2625,0.025,0,-32.737536,152.000091
536,0.7,0.233333333,0.066666667,0,-27.439496,153.063165
538,0.8,0.2,0,0,-37.558535,143.829008
539,0.2,0.6,0.2,1,-34.006305,150.773952
540,0.4,0.1,0.5,2,-37.917946,145.325807
541,0.704166667,0.195833333,0.1,0,-34.652989,147.99466
542,0.7,0.1,0.2,0,-33.704015,151.297586
543,0.55,0.45,0,0,-27.533323,152.989857
544,0.35,0.6,0.05,1,-33.914212,151.212547
545,0.4,0.5,0.1,1,-19.290924,146.795978
546,0.4625,0.35,0.1875,0,-37.785773,144.919678
547,0.516666667,0.416666667,0.066666667,0,-37.790078,145.388037
549,0.675,0.275,0.05,0,-37.792759,144.973519
550,0.5,0.5,0,0,-35.358917,150.473924
552,0.5,0.5,0,0,-35.016642,138.743539
553,0.65,0.1,0.25,0,-37.77783,145.019979
554,0.2,0.2,0.6,2,-37.748164,144.9707
557,0.7,0.066666667,0.233333333,0,-37.99978,145.11226
558,0.7,0.3,0,0,-33.880778,151.202837
561,0.733333333,0.133333333,0.133333333,0,-34.955561,138.655388
563,0.5,0.2,0.3,0,-33.736514,150.905776
564,0.6,0.4,0,0,-27.668464,153.19904
565,0.6,0.4,0,0,-27.477001,152.996389
566,0.68125,0.3125,0.00625,0,-37.727899,144.982425
567,0.578571429,0.328571429,0.092857143,0,-27.484472,153.035484
568,0.35,0.5,0.15,1,-38.056765,145.300822
569,0.5,0.25,0.25,0,-26.563791,151.848854
570,0.6,0.4,0,0,-37.793234,144.980444
571,0.55,0.4,0.05,0,-32.041752,115.762311
572,0.5,0.4,0.1,0,-37.382519,144.550416
574,0.55,0.4,0.05,0,-27.923086,153.337301
575,0.6,0.4,0,0,-31.859639,115.756337
576,0.7,0.2,0.1,0,-37.383,145.029955
577,0.55,0.4,0.05,0,-27.466436,152.992299
579,0.3,0.4,0.3,1,-34.221307,150.953017
580,0.5,0.1,0.4,0,-31.992304,115.882965
581,0.7,0.3,0,0,-33.933499,151.23595
582,0.6,0.3,0.1,0,-37.810264,145.213043
583,0.5,0.35,0.15,0,-33.783832,151.178059
584,0.398484848,0.509090909,0.092424242,1,-27.374354,152.88738
585,0.7,0.2,0.1,0,-33.875227,151.158756
586,0.4,0.233333333,0.366666667,0,-37.86552,144.685044
587,0.65,0.25,0.1,0,-37.886509,145.040082
589,0.666666667,0.233333333,0.1,0,-31.896542,116.029156
590,0.7,0.2,0.1,0,-33.813316,151.060362
591,0.7,0.2,0.1,0,-33.767202,151.157431
592,0.6,0.3,0.1,0,-31.940102,115.842738
593,0.65,0.1,0.25,0,-33.840378,151.158759
594,0.7,0.2,0.1,0,-35.297411,149.175677
595,0.7,0.2,0.1,0,-35.420674,149.088676
596,0.5,0.4,0.1,0,-38.146391,144.344086
598,0.5,0.4,0.1,0,-33.868567,151.178183
599,0.481435185,0.244490741,0.274074074,0,-34.493379,150.423925
600,0.467939815,0.281365741,0.250694444,0,-27.459841,153.014797
601,0.585714286,0.264285714,0.15,0,-33.780351,151.286492
602,0.4,0.475,0.125,1,-37.717638,143.658881
603,0.409090909,0.363636364,0.227272727,0,-37.778912,144.941624
604,0.2,0.75,0.05,1,-31.735132,115.736601
605,0.55,0.3,0.15,0,-26.71728,153.05149
606,0.65,0.25,0.1,0,-27.312179,152.990771
607,0.625,0.267857143,0.107142857,0,-33.290334,151.435032
608,0.4,0.25,0.35,0,-37.879056,144.983256
609,0.620833333,0.286858974,0.092307692,0,-33.634613,150.284734
610,0.15,0.7,0.15,1,-33.915132,151.17549
611,0.7,0.2,0.1,0,-33.749953,151.286731
612,0.7,0.2,0.1,0,-35.306615,138.582791
613,0.39471831,0.322769953,0.282511737,0,-31.981607,115.802621
615,0.74,0.2,0.06,0,-27.457512,152.974064
616,0.6,0.2,0.2,0,-31.941947,115.874737
618,0.595833333,0.313333333,0.090833333,0,-37.635784,144.051594
619,0.432471264,0.296264368,0.271264368,0,-37.851193,144.978395
620,0.8,0,0.2,0,-23.700358,133.880889
622,0.725,0.225,0.05,0,-27.54731,151.96439
623,0.7,0.2,0.1,0,-27.859457,153.353051
625,0.7,0.2,0.1,0,-27.486174,153.0467
626,0.4,0.5,0.1,1,-31.818125,115.852771
627,0.718055556,0.2375,0.044444444,0,-37.906104,145.00821
628,0.3,0.4,0.3,1,-34.930906,138.623928
629,0.7,0.2,0.1,0,-34.943763,138.642857
630,0.7,0.2,0.1,0,-33.764297,151.092243
631,0.55,0.35,0.1,0,-33.765369,151.287119
632,0.45,0.45,0.1,0,-32.142249,115.982709
634,0.5,0.4,0.1,0,-33.773451,150.914674
636,0.5,0.3,0.2,0,-33.206113,138.617501
637,0.633333333,0.233333333,0.133333333,0,-33.826204,151.21243
638,0.490697674,0.181395349,0.327906977,0,-31.801955,115.838958
639,0.6,0.266666667,0.133333333,0,-33.876605,151.229679
640,0.433333333,0.266666667,0.3,0,-34.042209,150.750859
641,0.495454545,0.209090909,0.295454545,0,-31.90391,152.59988
642,0.5,0.3,0.2,0,-27.440371,152.99814
643,0.577777778,0.255555556,0.166666667,0,-34.914124,138.653856
644,0.65,0.178571429,0.171428571,0,-25,123
645,0.633333333,0.153333333,0.213333333,0,-28.183739,153.347276
646,0.504803922,0.383431373,0.111764706,0,-37.751081,142.04996
647,0.5,0.4,0.1,0,-33.815425,151.200731
648,0.554583333,0.351041667,0.094375,0,-34.712486,135.852576
649,0.546875,0.340625,0.1125,0,-31.900997,116.153904
650,0.45,0.475,0.075,1,-32.94581,151.745178
651,0.478125,0.384375,0.1375,0,-33.642767,151.292303
652,0.359090909,0.509090909,0.131818182,1,-32.046158,115.815645
653,0.429074074,0.331651235,0.239274691,0,-37.838118,145.134914
654,0.6,0.3,0.1,0,-37.539899,143.828998
655,0.39,0.47,0.14,1,-28.818661,153.587159
656,0.2,0.7,0.1,1,-32.045957,115.834043
657,0.555555556,0.344444444,0.1,0,-37.691722,145.145035
658,0.425,0.375,0.2,0,-37.78271,145.020941
659,0.514285714,0.371428571,0.114285714,0,-27.629263,153.065631
660,0.7,0.2,0.1,0,-33.817708,151.170221
661,0.501923077,0.440384615,0.057692308,0,-37.976608,145.025423
662,0.4075,0.5175,0.075,1,-32.083539,115.919471
663,0.633333333,0.266666667,0.1,0,-33.79217,151.08688
664,0.8,0.1,0.1,0,-27.431226,153.093755
665,0.523333333,0.226666667,0.25,0,-33.892024,151.284551
666,0.35,0.65,0,1,-28.025982,153.351109
667,0.65,0.15,0.2,0,-34.93817,138.54755
668,0.35,0.6,0.05,1,-35.349275,149.242973
669,0.8,0.1,0.1,0,-34.959857,138.641138
670,0.566666667,0.266666667,0.166666667,0,-27.521978,152.948171
671,0.658333333,0.191666667,0.15,0,-38.633772,145.737253
672,0.325,0.525,0.15,1,-33.739288,151.211439
673,0.625,0.175,0.2,0,-28.551913,153.442691
674,0.415,0.425,0.16,1,-27.331257,153.010466
675,0.466666667,0.333333333,0.2,0,-27.410859,153.070853
676,0.4625,0.2875,0.25,0,-31.841216,116.07447
677,0.8,0.2,0,0,-27.873491,153.35678
678,0.55,0.3,0.15,0,-34.949018,138.629772
679,0.65,0.1,0.25,0,-37.87031,145.00721
680,0.65,0.15,0.2,0,-33.835578,151.19721
681,0.391666667,0.408333333,0.2,1,-33.850382,151.153995
682,0.5,0.25,0.25,0,-27.743153,153.232419
683,0.475,0.375,0.15,0,-32.051235,115.824994
684,0.382130584,0.279725086,0.33814433,0,-32.940791,151.698284
685,0.85,0.05,0.1,0,-33.906858,151.258089
686,0.666666667,0.283333333,0.05,0,-35.32047,149.150128
687,0.45,0.3,0.25,0,-27.532624,153.033601
688,0.8,0.1,0.1,0,-32.018797,115.751894
689,0.733333333,0.2,0.066666667,0,-34.892879,138.638038
690,0.395555556,0.404444444,0.2,1,-42.963675,147.077115
691,0.510222222,0.395333333,0.094444444,0,-33.97415,151.09795
692,0.503846154,0.351282051,0.144871795,0,-37.759575,145.325151
693,0.4,0.25,0.35,0,-37.798172,145.180857
695,0.327272727,0.463636364,0.209090909,1,-27.530207,152.910477
696,0.445227273,0.405909091,0.148863636,0,-33.899306,151.246803
697,0.5,0.3,0.2,0,-31.869812,115.831941
698,0.35,0.5,0.15,1,-27.486263,153.12679
699,0.607894737,0.256140351,0.135964912,0,-33.761535,151.209573
700,0.520333333,0.34,0.139666667,0,-37.271381,144.331149
701,0.8,0.1,0.1,0,-33.756744,151.071859
702,0.344444444,0.5,0.155555556,1,-33.869447,150.878047
703,0.266666667,0.366666667,0.366666667,1,-27.373841,152.941762
704,0.383937908,0.376262838,0.239799253,0,-32.051892,115.793428
705,0.48,0.276666667,0.243333333,0,-34.966129,138.59405
706,0.514285714,0.3,0.185714286,0,-33.865291,151.091629
707,0.533035714,0.33735119,0.129613095,0,-28.012063,153.424012
708,0.1,0.8,0.1,1,-34.933073,138.641875
709,0.367368421,0.436842105,0.195789474,1,-38.302326,145.145685
710,0.668181818,0.236363636,0.095454545,0,-33.942836,151.242835
711,0.666666667,0.266666667,0.066666667,0,-27.053341,153.146777
712,0.49,0.31,0.2,0,-33.733506,151.080793
713,0.348484848,0.465909091,0.185606061,1,-37.952339,145.042365
714,0.483333333,0.373076923,0.143589744,0,-37.794985,145.11345
719,0.4,0.5,0.1,1,-32.923323,117.185338
720,0.9,0.1,0,0,-36.245008,145.350577
721,0.451282051,0.369230769,0.179487179,0,-37.784014,145.009523
722,0.355555556,0.577777778,0.066666667,1,-33.902902,151.259908
723,0.476315789,0.31754386,0.206140351,0,-33.617567,115.101661
724,0.351851852,0.525925926,0.122222222,1,-27.470775,153.104846
725,0.363888889,0.402777778,0.233333333,1,-33.862123,151.179008
726,0.566666667,0.316666667,0.116666667,0,-33.512332,151.345794
727,0.55,0.283333333,0.166666667,0,-27.528481,153.056985
728,0.7,0.2,0.1,0,-34.932538,138.543653
729,0.5,0.4,0.1,0,-31.87575,115.955811
730,0.666666667,0.316666667,0.016666667,0,-27.545588,152.919878
731,0.54375,0.27625,0.18,0,-38.146714,145.844289
732,0.583333333,0.25,0.166666667,0,-33.885035,151.184736
733,0.5,0.314285714,0.185714286,0,-27.498574,153.027826
734,0.445489297,0.345122324,0.209388379,0,-37.779078,144.978264
735,0.566488095,0.321904762,0.111607143,0,-33.969537,151.116843
736,0.7,0.2,0.1,0,-33.808847,151.262946
737,0.510119048,0.412797619,0.077083333,0,-19.294988,146.786427
738,0.447727273,0.3375,0.214772727,0,-33.772951,150.960374
739,0.616666667,0.283333333,0.1,0,-33.934247,151.032163
740,0.389285714,0.607142857,0.003571429,1,-35.270615,149.133208
741,0.64,0.34,0.02,0,-42.982554,147.319969
742,0.451724138,0.437356322,0.11091954,0,-32.06577,115.846458
743,0.4,0.466666667,0.133333333,1,-35.140123,138.503351
744,0.543421053,0.323245614,0.133333333,0,-28.101927,153.430841
745,0.530769231,0.317948718,0.151282051,0,-34.944361,138.653875
746,0.8,0.1,0.1,0,-34.055282,151.10081
747,0.4,0.5,0.1,1,-33.716724,151.297425
749,0.8,0.1,0.1,0,-33.026341,151.650023
750,0.466666667,0.483333333,0.05,1,-27.37945,152.988682
751,0.5,0.5,0,0,-28.055,153.411399
752,0.525,0.475,0,0,-27.474173,153.064889
753,0.65,0.3,0.05,0,-35.219971,138.524302
754,0.558333333,0.266666667,0.175,0,-33.358417,151.48228
755,0.707638889,0.215277778,0.077083333,0,-33.895544,151.272687
756,0.590392157,0.242941176,0.166666667,0,-36.994966,144.261129
757,0.466666667,0.466666667,0.066666667,0,-31.87622,115.75255
758,0.480952381,0.376190476,0.142857143,0,-33.897254,151.266205
759,0.3,0.6,0.1,1,-37.534347,143.875306
760,0.549444444,0.281111111,0.169444444,0,-32.005038,115.973587
761,0.8,0.1,0.1,0,-34.850539,138.704883
762,0.6,0.4,0,0,-33.992914,151.114546
763,0.396708861,0.353396624,0.249894515,0,-35.39701,143.553767
764,0.1,0.2,0.7,2,-37.817235,145.176111
765,0.45,0.35,0.2,0,-28.315242,153.569793
767,0.414814815,0.481481481,0.103703704,1,-27.858888,153.309546
768,0.4875,0.5,0.0125,1,-34.071669,151.112449
769,0.433333333,0.322222222,0.244444444,0,-33.26707,149.17685
770,0.6,0.3,0.1,0,-38.375513,144.992955
771,0.633333333,0.366666667,0,0,-37.548657,144.652808
772,0.8,0.2,0,0,-31.998334,115.762682
773,0.211111111,0.394444444,0.394444444,1,-27.994974,153.371831
774,0.483333333,0.183333333,0.333333333,0,-27.881118,153.396848
775,0.357142857,0.403571429,0.239285714,1,-34.740027,150.768622
776,0.1,0.3,0.6,2,-33.900894,151.214993
777,0.551388889,0.336111111,0.1125,0,-27.36965,153.007349
778,0.407142857,0.528571429,0.064285714,1,-33.833875,150.959236
779,0.457142857,0.514285714,0.028571429,1,-33.789552,151.256674
780,0.45,0.4,0.15,0,-31.930051,115.894701
781,0.666666667,0.266666667,0.066666667,0,-33.800338,151.238807
782,0.666666667,0.2,0.133333333,0,-35.278361,149.137616
783,0.75,0.15,0.1,0,-33.703949,150.930171
784,0.566666667,0.2,0.233333333,0,-27.446855,153.056392
786,0.544444444,0.377777778,0.077777778,0,-27.817688,152.751569
787,0.2,0.7,0.1,1,-27.066277,153.104224
788,0.35,0.55,0.1,1,-33.915599,151.20725
789,0.6,0.366666667,0.033333333,0,-33.893021,151.166502
790,0.565,0.365,0.07,0,-32.102947,115.797357
791,0.45,0.366666667,0.183333333,0,-27.639785,153.128056
792,0.7,0.25,0.05,0,-33.902747,151.241512
793,0.622916667,0.21171875,0.165364583,0,-33.883155,151.203658
794,0.690384615,0.210576923,0.099038462,0,-33.973133,151.020411
795,0.556481481,0.219444444,0.224074074,0,-34.964093,138.635178
796,0.7,0.2,0.1,0,-27.384498,153.095524
797,0.458333333,0.45,0.091666667,0,-34.900998,138.600629
798,0.426157407,0.224768519,0.349074074,0,-37.699446,144.888073
799,0.3,0.477777778,0.222222222,1,-27.521038,152.941989
800,0.633333333,0.177777778,0.188888889,0,-27.412191,152.971811
801,0.666666667,0.266666667,0.066666667,0,-26.480414,153.095667
802,0.639473684,0.213157895,0.147368421,0,-33.912728,151.056365
803,0.513043478,0.269565217,0.217391304,0,-27.531965,153.012101
804,0.65,0.25,0.1,0,-33.859316,151.196031
805,0.578571429,0.392857143,0.028571429,0,-41.18608,146.37107
806,0.541666667,0.383333333,0.075,0,-37.676071,144.439489
807,0.355555556,0.611111111,0.033333333,1,-33.833116,151.14026
808,0.491805556,0.280277778,0.227916667,0,-35.007515,138.721018
809,0.556666667,0.298,0.145333333,0,-33.685717,150.918111
810,0.478627451,0.323169935,0.198202614,0,-33.323715,115.718261
811,0.45,0.5,0.05,1,-26.719894,153.129702
812,0.654545455,0.218181818,0.127272727,0,-34.13496,150.66417
814,0.549255952,0.372172619,0.078571429,0,-34.988216,138.515363
815,0.7,0.211111111,0.088888889,0,-38.179429,144.363305
816,0.523333333,0.372777778,0.103888889,0,-33.870668,151.250732
817,0.576388889,0.261111111,0.1625,0,-37.287248,142.917653
818,0.57962963,0.327777778,0.092592593,0,-33.974261,151.231003
819,0.4875,0.4125,0.1,0,-33.885338,151.141165
820,0.6,0.4,0,0,-37.6399,144.880714
821,0.385408163,0.408571429,0.206020408,1,-37.627934,144.793247
822,0.55,0.45,0,0,-33.969674,151.115578
823,0.457539683,0.366269841,0.176190476,0,-32.178003,152.496083
824,0.25,0.55,0.2,1,-27.500963,153.062008
825,0.314285714,0.585714286,0.1,1,-27.241719,153.024505
826,0.448989899,0.389393939,0.161616162,0,-38.342689,144.301151
827,0.8,0.1,0.1,0,-33.978652,151.105807
828,0.5,0.5,0,0,-27.499641,153.075961
829,0.494444444,0.388888889,0.116666667,0,-37.707393,144.748122
830,0.536842105,0.257894737,0.205263158,0,-37.767939,144.811908
831,0.421376812,0.30615942,0.272463768,0,-37.988006,145.252533
832,0.8,0.1,0.1,0,-26.819844,153.11194
833,0.6,0.35,0.05,0,-37.901242,145.086635
834,0.38092803,0.310359848,0.308712121,0,-33.663625,115.032877
835,0.65,0.275,0.075,0,-37.722224,145.379016
836,0.569892473,0.348387097,0.08172043,0,-35.357022,149.088132
837,0.5725,0.279166667,0.148333333,0,-37.736689,145.13436
838,0.608333333,0.311111111,0.080555556,0,-32.786193,151.624867
839,0.629,0.239,0.132,0,-35.321063,149.142277
840,0,0.3,0.7,2,-32.036233,115.784513
841,0.4,0.3,0.3,0,-33.886215,151.039847
842,0.6,0.3,0.1,0,-33.730001,151.131342
843,0.575,0.325,0.1,0,-27.458612,153.046099
844,0.233333333,0.533333333,0.233333333,1,-19.271162,146.794416
845,0.345725806,0.437607527,0.216666667,1,-33.790833,151.22358
846,0.425649718,0.387627119,0.186723164,0,-33.893841,151.263185
848,0.52,0.4,0.08,0,-31.795636,115.968145
849,0.37,0.52,0.11,1,-33.464383,150.843486
850,0.261111111,0.438888889,0.3,1,-27.42137,153.044178
851,0.355,0.405,0.24,1,-27.570673,151.966966
852,0.7,0.2,0.1,0,-32.65975,137.803595
853,0.6,0.275,0.125,0,-31.918222,115.791892
854,0.166666667,0.6,0.233333333,1,-21.436063,149.221853
855,0.1,0.5,0.4,1,-27.227271,153.114966
856,0.530769231,0.330769231,0.138461538,0,-33.596971,151.322048
857,0.428571429,0.385714286,0.185714286,0,-31.980289,152.572272
858,0.366666667,0.566666667,0.066666667,1,-27.316734,153.048517
859,0.7,0.2,0.1,0,-27.499086,153.046441
860,0.5,0.5,0,0,-31.894034,115.766871
861,0.5,0.5,0,0,-35.338578,149.295874
862,0.6,0.35,0.05,0,-31.954097,115.809407
863,0.7,0.2,0.1,0,-32.078218,152.487457
864,0.502,0.258,0.24,0,-26.743172,150.633757
865,0.482,0.348,0.17,0,-36.798144,144.228479
867,0,0.4,0.6,2,-33.336093,151.377817
868,0.6,0.366666667,0.033333333,0,-37.71383,145.148537
869,0.35,0.65,0,1,-38.034752,145.120303
870,0.35,0.65,0,1,-31.77234,115.782395
871,0.5,0.466666667,0.033333333,0,-27.52664,153.00641
872,0.8,0.1,0.1,0,-31.948435,115.857395
873,0.65,0.2,0.15,0,-34.175463,150.608384
874,0.5,0.5,0,0,-33.93833,151.018675
875,0.32,0.293333333,0.386666667,2,-27.487123,153.036355
876,0.3,0.42,0.28,1,-35.33887,149.07664
877,0.474074074,0.359259259,0.166666667,0,-33.998476,150.841786
878,0.459459459,0.376576577,0.163963964,0,-33.728989,151.266684
879,0.5,0.2125,0.2875,0,-37.689736,144.960709
880,0.4,0.5,0.1,1,-36.142581,145.598639
881,0.461538462,0.323076923,0.215384615,0,-33.75159,151.24433
882,0.433333333,0.366666667,0.2,0,-27.472847,153.047733
883,0.575,0.2625,0.1625,0,-32.030644,115.81645
884,0.377272727,0.386363636,0.236363636,1,-33.833765,151.110888
885,0.492777778,0.332777778,0.174444444,0,-31.938849,116.012015
886,0.4,0.455555556,0.144444444,1,-28.141938,153.440437
887,0.35,0.316666667,0.333333333,0,-28.690645,153.610023
889,0.375,0.475,0.15,1,-33.9364,151.120902
890,0.366666667,0.39,0.243333333,1,-33.892534,150.962444
891,0.456599833,0.308312448,0.235087719,0,-33.704327,150.930434
892,0.534042553,0.265957447,0.2,0,-26.005381,153.057271
893,0.468965517,0.348275862,0.182758621,0,-33.89111,150.998569
894,0.458333333,0.325,0.216666667,0,-33.792621,151.161938
895,0.526020408,0.259693878,0.214285714,0,-33.886473,151.096599
896,0.592857143,0.292857143,0.114285714,0,-37.879244,144.700081
897,0.738888889,0.227777778,0.033333333,0,-34.908924,138.549644
898,0.573333333,0.28,0.146666667,0,-30.985457,150.203927
899,0.584615385,0.3,0.115384615,0,-33.773106,151.266004
900,0.7,0.2,0.1,0,-38.644081,146.23694
901,0.5,0.5,0,0,-27.521656,152.922256
902,0.4,0.5,0.1,1,-36.687614,149.837991
903,0.55,0.35,0.1,0,-32.078153,115.761207
904,0.5,0.5,0,0,-37.707446,144.938118
905,0.4875,0.3125,0.2,0,-27.561417,152.920312
906,0.563095238,0.275,0.161904762,0,-33.774201,151.066477
907,0.5,0.5,0,0,-12.451462,130.931284
908,0.8,0.1,0.1,0,-33.72448,151.122234
909,0.390833333,0.3675,0.241666667,0,-35.31731,149.1101
910,0.4,0.5,0.1,1,-28.408434,153.556287
911,0.3,0.6,0.1,1,-31.837449,115.78977
912,0.538888889,0.288888889,0.172222222,0,-37.797965,145.08422
913,0.6,0.4,0,0,-16.840529,145.692502
914,0.672222222,0.233333333,0.094444444,0,-17.026957,128.221649
915,0.4,0.2,0.4,0,-33.870932,151.119747
916,0.6,0.3,0.1,0,-34.884414,118.012198
917,0.59,0.19,0.22,0,-32.81112,151.64181
918,0.433333333,0.283333333,0.283333333,0,-32.042253,116.001765
919,0.575,0.230952381,0.194047619,0,-33.696599,150.990231
920,0.6,0.4,0,0,-37.878046,144.719456
921,0.354189189,0.371486486,0.274324324,1,-37.824166,144.869589
922,0.8,0.1,0.1,0,-12.480214,130.984328
923,0.411111111,0.37037037,0.218518519,0,-37.65395,145.85387
924,0.508333333,0.341666667,0.15,0,-34.822928,138.73658
925,0.417391304,0.394202899,0.188405797,0,-31.895628,115.782335
926,0.3,0.616666667,0.083333333,1,-33.793918,151.06592
927,0.48,0.4,0.12,0,-28.114026,153.440263
929,0.5,0.3,0.2,0,-33.838681,121.871972
930,0.5,0.5,0,0,-30.248667,153.137549
931,0.388425926,0.303240741,0.308333333,0,-27.58786,151.97089
932,0.313461538,0.489102564,0.197435897,1,-37.89261,145.045835
933,0.5,0.5,0,0,-33.94293,150.899839
934,0.55,0.4,0.05,0,-33.937963,151.107124
935,0.3,0.6,0.1,1,-27.417063,153.04588
936,0.603703704,0.366666667,0.02962963,0,-32.939972,151.764093
937,0.5,0.366666667,0.133333333,0,-37.80113,145.16012
938,0.528472222,0.274305556,0.197222222,0,-33.708786,151.105461
939,0.385714286,0.342857143,0.271428571,0,-34.317441,150.903659
940,0.55,0.35,0.1,0,-37.41883,145.001209
941,0.55,0.3,0.15,0,-26.714608,153.049417
942,0.530769231,0.315384615,0.153846154,0,-28.041294,153.407034
943,0.56,0.192631579,0.247368421,0,-37.25676,144.45182
944,0.552380952,0.204761905,0.242857143,0,-34.019175,150.761523
945,0.52037037,0.301851852,0.177777778,0,-34.952183,138.643433
946,0.553125,0.209375,0.2375,0,-34.292757,150.944932
947,0.4,0.5,0.1,1,-37.958986,145.124512
948,0.518421053,0.326315789,0.155263158,0,-34.919314,138.54859
949,0.479166667,0.279166667,0.241666667,0,-33.847181,151.284714
950,0.6,0.157142857,0.242857143,0,-37.591536,144.893615
951,0.45,0.5,0.05,1,-33.72798,150.91668
952,0.45,0.5,0.05,1,-23.141487,150.737297
954,0.4,0.5,0.1,1,-38.163914,144.385508
955,0.460714286,0.414285714,0.125,0,-34.891718,138.65095
956,0.3,0.5,0.2,1,-33.574496,150.713993
957,0.521875,0.365625,0.1125,0,-27.566487,153.21082
959,0.432916667,0.317083333,0.25,0,-37.902634,145.295674
960,0.54,0.32,0.14,0,-33.823775,150.987395
961,0.52,0.33,0.15,0,-37.778691,144.699948
962,0.385678295,0.28624031,0.328081395,0,-33.86684,150.83147
963,0.656944444,0.176388889,0.166666667,0,-33.915987,151.067157
964,0.472708333,0.377291667,0.15,0,-27.345902,152.876785
965,0.65,0.25,0.1,0,-34.933312,138.656285
966,0.533333333,0.366666667,0.1,0,-33.758442,151.049087
967,0.7,0.25,0.05,0,-33.935202,151.008602
968,0.5,0.35,0.15,0,-32.06002,150.87119
970,0.4,0.5,0.1,1,-33.820806,150.962416
971,0.4,0.5,0.1,1,-37.727734,145.065576
972,0.4625,0.3625,0.175,0,-35.067329,138.624802
973,0.75,0.25,0,0,-35.248782,149.070399
974,0.472727273,0.336363636,0.190909091,0,-27.353145,152.991564
975,0.4,0.5,0.1,1,-37.86709,145.229385
976,0.427723665,0.328246753,0.244029582,0,-32.12716,115.79143
977,0.528571429,0.441904762,0.02952381,0,-33.894965,151.216273
978,0.44,0.54,0.02,1,-26.673236,153.095432
979,0.490909091,0.390909091,0.118181818,0,-38.085592,145.20764
980,0.45,0.4,0.15,0,-33.823448,151.094996
981,0.6,0.4,0,0,-34.883209,138.584761
982,0.6,0.4,0,0,-27.123275,152.958575
983,0.575,0.275,0.15,0,-32.710285,151.515538
984,0.445,0.38,0.175,0,-32.081958,115.875523
985,0.4,0.5,0.1,1,-33.759761,150.760835
986,0.583333333,0.283333333,0.133333333,0,-27.36595,153.0485
987,0.35,0.4,0.25,1,-33.565888,115.816482
988,0.3,0.666666667,0.033333333,1,-35.042363,138.530337
989,0.43125,0.26875,0.3,0,-36.929279,144.459509
990,0.502272727,0.318181818,0.179545455,0,-27.56424,151.950943
991,0.5,0.366666667,0.133333333,0,-33.795989,150.97898
992,0.4,0.5,0.1,1,-37.857775,145.107708
993,0.6,0.4,0,0,-38.220187,146.158023
994,0.43030303,0.396969697,0.172727273,0,-34.022513,151.023024
995,0.343452381,0.408988095,0.247559524,1,-27.497997,153.011567
996,0.3,0.7,0,1,-33.670725,115.376475
997,0.266666667,0.5,0.233333333,1,-35.243558,149.043379
998,0.333333333,0.426666667,0.24,1,-33.744133,150.936011
999,0.32,0.49,0.19,1,-27.491216,153.222179
1000,0.2,0.7,0.1,1,-34.073045,150.81443
1001,0.6,0.366666667,0.033333333,0,-33.863802,151.042381
1002,0.6,0.3,0.1,0,-23.37248,150.530304
1003,0.5,0.4,0.1,0,-32.867791,134.328119
1004,0.5,0.4,0.1,0,-27.63729,153.11328
1005,0.5,0.4,0.1,0,-33.111273,151.138861
1006,0.3875,0.5,0.1125,1,-33.912036,151.158581
1007,0.296428571,0.426785714,0.276785714,1,-33.905064,151.137872
1008,0.36996337,0.401135531,0.228901099,1,-33.81164,151.17369
1009,0.45,0.416666667,0.133333333,0,-37.556967,143.859997
1010,0.330769231,0.508653846,0.160576923,1,-27.645912,153.042047
1011,0.255555556,0.5,0.244444444,1,-33.722865,151.097251
1012,0.35,0.6,0.05,1,-37.754799,144.736356
1013,0.433333333,0.429166667,0.1375,0,-33.937099,151.251974
1014,0.28,0.52,0.2,1,-34.958419,138.585269
1015,0.322222222,0.336111111,0.341666667,2,-32.029156,115.941453
1017,0.326666667,0.446666667,0.226666667,1,-33.974713,150.949936
1018,0.370542636,0.48375969,0.145697674,1,-33.846301,151.230381
1019,0.36122807,0.381070175,0.257701754,1,-38.108406,145.276552
1020,0.228571429,0.526785714,0.244642857,1,-33.871217,150.936158
1021,0.288888889,0.416666667,0.294444444,1,-30.656933,152.987482
1022,0.3,0.5625,0.1375,1,-33.774244,151.266126
1023,0.466666667,0.233333333,0.3,0,-34.914123,138.653863
1024,0.4,0.369166667,0.230833333,0,-37.987228,145.06468
1025,0.392307692,0.484615385,0.123076923,1,-33.796536,150.938521
1026,0.341071429,0.455357143,0.203571429,1,-32.013097,115.904177
1028,0.55,0.3,0.15,0,-35.180054,150.58588
1029,0.26,0.48,0.26,1,-34.054654,150.775252
1030,0.316363636,0.372272727,0.311363636,1,-33.42556,151.409287
1031,0.19375,0.4046875,0.4015625,1,-34.877479,138.529876
1032,0.371428571,0.514285714,0.114285714,1,-37.899967,145.070131
1033,0.3,0.483333333,0.216666667,1,-32.704469,151.47923
1034,0.269090909,0.376363636,0.354545455,1,-28.191989,148.730034
1035,0.354545455,0.445454545,0.2,1,-27.380895,153.031466
1036,0,0.933333333,0.066666667,1,-33.686642,151.009666
1037,0.271428571,0.6,0.128571429,1,-26.661607,152.995461
1038,0.4375,0.384375,0.178125,0,-31.835606,115.857484
1039,0.5,0.4,0.1,0,-32.066975,115.879178
1040,0.5,0.4,0.1,0,-38.048848,147.162962
1041,0.5,0.4,0.1,0,-31.913959,115.956345
1042,0.34484127,0.385846561,0.269312169,1,-34.105687,150.800619
1043,0.35,0.65,0,1,-19.241004,146.799079
1044,0.26,0.49,0.25,1,-33.764505,151.105121
1045,0.5,0.4,0.1,0,-33.243845,151.495324
1046,0.404444444,0.443703704,0.151851852,1,-30.748526,121.460197
1047,0.42,0.505,0.075,1,-26.654224,153.100437
1048,0.343859649,0.295614035,0.360526316,2,-38.007667,145.085857
1049,0.32962963,0.459259259,0.211111111,1,-32.30774,115.724655
1050,0.420909091,0.429090909,0.15,1,-33.951421,150.996181
1051,0.344444444,0.434259259,0.221296296,1,-34.058694,151.081478
1052,0.389204545,0.359848485,0.25094697,0,-37.067274,144.220524
1053,0.26,0.66,0.08,1,-37.813414,145.061788
1054,0.331818182,0.488636364,0.179545455,1,-32.080843,115.754324
1055,0.436363636,0.290909091,0.272727273,0,-26.742399,152.916875
1056,0.397222222,0.427777778,0.175,1,-34.48173,139.005067
1057,0.266666667,0.633333333,0.1,1,-32.19191,115.783565
1058,0.4,0.471428571,0.128571429,1,-28.160025,153.510083
1059,0.4,0.5,0.1,1,-33.953235,151.032603
1060,0.3,0.2,0.5,2,-33.385101,151.472426
1061,0.370017637,0.434744268,0.195238095,1,-27.476137,153.065712
1062,0.6,0.4,0,0,-16.94656,145.73265
1063,0.382352941,0.411764706,0.205882353,1,-32.883072,151.732454
1064,0.475,0.425,0.1,0,-36.72631,142.21201
1065,0.6,0.3,0.1,0,-38.147927,145.198672
1066,0.462564103,0.42974359,0.107692308,0,-33.80804,151.068477
1067,0.361111111,0.440740741,0.198148148,1,-35.328537,149.158283
1068,0.233333333,0.677777778,0.088888889,1,-33.831338,151.186518
1069,0.2,0.7,0.1,1,-38.175046,144.34436
1071,0.4,0.55,0.05,1,-35.405161,149.144846
1072,0.371428571,0.391071429,0.2375,1,-28.194718,153.527694
1073,0.3,0.433333333,0.266666667,1,-35.27167,149.12995
1074,0.15,0.8,0.05,1,-33.886178,151.194133
1075,0.393,0.3945,0.2125,1,-35.322257,149.05788
1076,0.335111111,0.385444444,0.279444444,1,-33.88406,151.19803
1077,0.1,0.7,0.2,1,-36.894465,146.256507
1078,0.333333333,0.389583333,0.277083333,1,-33.875611,151.128654
1079,0.414285714,0.471428571,0.114285714,1,-37.720017,145.053304
1080,0.280606061,0.601212121,0.118181818,1,-35.250656,149.139067
1081,0.366666667,0.508333333,0.125,1,-27.642618,153.143988
1082,0.3,0.5,0.2,1,-37.898438,145.01253
1083,0.3,0.575,0.125,1,-33.849913,151.216295
1084,0.385714286,0.392857143,0.221428571,1,-33.81717,151.16095
1085,0.5,0.4,0.1,0,-33.166162,151.612046
1086,0.338953488,0.415503876,0.245542636,1,-37.776544,145.078646
1088,0.424444444,0.42,0.155555556,0,-35.005099,138.522006
1089,0.307142857,0.45,0.242857143,1,-33.85355,150.99185
1090,0.371428571,0.403571429,0.225,1,-37.924999,145.212565
1091,0.466666667,0.366666667,0.166666667,0,-34.8527,138.5089
1092,0.425,0.508333333,0.066666667,1,-33.50363,151.42237
1093,0.466666667,0.483333333,0.05,1,-31.898079,115.802076
1094,0.35,0.5,0.15,1,-34.42418,150.89355
1095,0.309230769,0.485641026,0.205128205,1,-25.28737,152.832798
1096,0.2,0.7,0.1,1,-23.395243,150.529466
1097,0.305882353,0.420588235,0.273529412,1,-38.050455,145.119269
1098,0.2,0.7,0.1,1,-33.665114,150.650802
1099,0.265977011,0.38862069,0.345402299,1,-34.95283,138.64317
1100,0.308547009,0.341773504,0.349679487,2,-36.132486,144.758784
1101,0.1,0.8,0.1,1,-38.175587,144.342666
1102,0.357142857,0.571428571,0.071428571,1,-27.45407,153.06139
1103,0.6,0.4,0,0,-37.856902,144.897698
1104,0.31875,0.535416667,0.145833333,1,-28.45719,153.50146
1105,0.342857143,0.503571429,0.153571429,1,-35.385924,149.20097
1106,0.3,0.36,0.34,1,-18.65136,146.13616
1107,0.30271788,0.334332884,0.362949236,2,-35.26228,149.14587
1108,0.45,0.375,0.175,0,-35.12973,147.37333
1109,0.373650794,0.473968254,0.152380952,1,-33.02575,151.60601
1111,0.272222222,0.472222222,0.255555556,1,-33.77046,150.775317
1112,0.455555556,0.477777778,0.066666667,1,-35.32077,149.03138
1113,0.4375,0.321875,0.240625,0,-42.923327,147.260747
1114,0.6,0.4,0,0,-33.873875,151.225335
1115,0.244444444,0.522222222,0.233333333,1,-35.314731,149.12987
1116,0.4,0.3,0.3,0,-26.687612,153.115499
1117,0.333333333,0.566666667,0.1,1,-33.918092,151.104747
1118,0.342857143,0.425,0.232142857,1,-30.108145,150.275755
1119,0.3,0.333333333,0.366666667,2,-19.94588,147.03434
1120,0.4,0.5,0.1,1,-33.437614,151.353286
1121,0.5,0.4,0.1,0,-19.291619,146.795077
1122,0.5,0.4,0.1,0,-19.245827,146.795727
1123,0.6,0.4,0,0,-37.79505,144.8662
1124,0.6,0.4,0,0,-27.518479,153.013784
1125,0.7,0.3,0,0,-29.7749,153.2927
